customernumber,days_since_last_purchase,late_payments_count,total_orders,total_spent,avg_payment_amount,risk_label
1000,110,0,4,6659.21,1806.85,1
1001,84,0,7,10109.69,1442.87,0
1002,116,1,7,9660.83,1327.78,1
1003,151,2,2,2880.48,1415.66,1
1004,81,0,5,8926.01,1673.8,0
1005,81,2,6,10554.32,1923.61,1
1006,153,1,5,6807.92,1311.56,1
1007,121,2,2,3080.18,1529.68,1
1008,71,0,7,10939.63,1601.51,0
1009,112,0,9,10474.42,1202.23,1
1010,71,2,6,9255.17,1506.13,1
1011,71,2,5,5716.07,1060.3,1
1012,100,0,6,5811.23,969.28,1
1013,13,0,5,8572.91,1610.02,0
1014,21,0,5,6788.7,1384.84,0
1015,68,0,5,7182.86,1560.68,0
1016,49,0,4,5454.21,1494.63,0
1017,103,0,8,8790.12,1207.08,1
1018,54,2,4,5803.16,1486.42,1
1019,34,0,5,5466.42,1130.07,0
1020,149,1,3,6002.58,1917.29,1
1021,81,0,7,8024.11,1093.21,0
1022,93,0,2,2623.59,1441.26,1
1023,33,0,5,5605.48,1187.32,0
1024,68,0,10,15956.82,1671.13,0
1025,94,1,7,9897.35,1400.57,1
1026,44,2,7,8741.72,1344.4,1
1027,105,0,10,16274.03,1755.96,1
1028,66,0,1,1642.75,1508.83,0
1029,78,0,5,8778.4,1654.99,0
1030,66,2,3,3385.8,1205.6,1
1031,164,1,8,8467.17,1078.55,1
1032,89,0,7,10415.43,1532.16,0
1033,48,1,3,4458.25,1404.35,0
1034,123,2,1,1691.38,1687.93,1
1035,41,0,5,6830.85,1476.03,0
1036,98,0,3,4908.47,1561.52,1
1037,12,2,6,5952.6,1012.99,1
1038,37,1,3,5905.64,2066.53,0
1039,98,0,4,5658.43,1450.73,1
1040,120,0,5,8542.57,1709.28,1
1041,97,0,8,9679.8,1249.17,1
1042,85,0,7,10571.42,1592.4,0
1043,78,1,5,5433.17,1109.15,0
1044,31,0,4,5913.32,1635.62,0
1045,61,1,6,8814.84,1393.21,0
1046,72,2,8,11275.74,1508.76,1
1047,132,0,4,6213.84,1709.39,1
1048,104,0,3,3494.95,1130.24,1
1049,19,0,2,2731.16,1294.65,0
1050,103,1,3,5219.88,1637.2,1
1051,75,0,9,19140.35,2129.47,0
1052,63,1,5,6863.16,1458.58,0
1053,114,2,4,7027.69,1677.34,1
1054,131,0,7,10685.8,1467.91,1
1055,127,2,8,15815.87,2082.67,1
1056,56,3,4,4218.25,975.83,1
1057,78,0,4,5629.82,1528.39,0
1058,103,0,8,8880.55,1012.34,1
1059,129,3,5,4009.63,748.03,1
1060,71,3,5,8244.82,1589.24,1
1061,83,0,6,10062.88,1541.85,0
1062,46,0,7,10342.11,1414.55,0
1063,42,0,2,2754.5,1468.14,0
1064,123,3,1,2401.38,2429.49,1
1065,144,0,7,9104.47,1422.55,1
1066,87,0,5,8082.8,1653.04,0
1067,130,2,4,5473.03,1305.19,1
1068,104,0,4,6209.97,1588.57,1
1069,64,1,3,4140.13,1428.53,0
1070,104,0,8,11224.78,1376.84,1
1071,152,2,7,15385.66,2045.67,1
1072,89,0,1,1685.48,1853.16,0
1073,153,1,2,3011.44,1541.02,1
1074,0,1,4,3013.84,808.74,0
1075,123,0,6,8676.45,1391.7,1
1076,93,0,4,8514.73,2310.91,1
1077,78,0,6,8867.77,1430.8,0
1078,94,0,8,14021.37,1830.97,1
1079,10,2,7,12713.45,1932.58,1
1080,81,2,5,8511.64,1565.69,1
1081,104,0,2,2254.65,1247.45,1
1082,149,1,1,759.84,769.41,1
1083,69,1,7,10794.71,1705.25,0
1084,58,2,4,5005.8,1255.57,1
1085,70,0,1,1553.18,1552.85,0
1086,127,0,6,6509.53,1125.05,1
1087,103,0,5,6579.66,1420.43,1
1088,69,0,8,11782.29,1510.12,0
1089,111,0,5,8175.18,1580.58,1
1090,94,0,4,4925.52,1165.55,1
1091,129,0,10,18705.04,1859.07,1
1092,62,1,7,9412.64,1320.93,0
1093,77,0,4,3751.69,997.66,0
1094,74,0,8,11239.04,1467.29,0
1095,31,0,5,7040.91,1510.31,0
1096,102,0,5,7352.76,1548.18,1
1097,100,0,5,9018.11,1908.64,1
1098,90,0,2,2869.26,1429.07,0
1099,81,0,3,4447.4,1464.11,0
1100,33,0,4,5092.29,1169.04,0
1101,73,0,9,14758.68,1746.17,0
1102,76,0,1,1599.36,1555.29,0
1103,58,2,5,7305.86,1373.99,1
1104,84,0,5,4698.94,928.6,0
1105,106,0,5,9192.94,1933.32,1
1106,165,0,5,5389.78,1131.7,1
1107,97,0,4,4802.97,1322.62,1
1108,100,0,9,13904.55,1607.5,1
1109,87,0,6,7181.1,1141.03,0
1110,13,1,2,1913.5,1051.95,0
1111,89,0,6,4886.28,862.82,0
1112,92,0,6,10722.55,1716.3,1
1113,189,2,6,8471.94,1336.44,1
1114,82,2,5,11784.64,2378.18,1
1115,102,0,2,2498.59,1201.69,1
1116,89,0,5,5980.7,1223.56,0
1117,43,0,3,3719.67,1330.38,0
1118,136,0,3,4622.7,1572.94,1
1119,120,0,3,4142.02,1358.94,1
1120,122,0,6,11007.46,1683.7,1
1121,54,1,6,6614.2,1206.42,0
1122,146,0,4,4348.5,1085.52,1
1123,34,0,5,4638.37,960.54,0
1124,113,0,5,4171.57,832.93,1
1125,178,2,7,8515.99,1344.58,1
1126,50,0,5,6784.97,1409.71,0
1127,67,1,3,4183.24,1310.57,0
1128,94,0,4,7572.91,1873.02,1
1129,70,0,7,12949.6,1868.41,0
1130,28,0,5,6697.63,1399.56,0
1131,93,0,7,6460.79,961.82,1
1132,48,0,8,10391.16,1329.99,0
1133,109,0,7,9860.51,1320.05,1
1134,53,0,5,7123.01,1302.86,0
1135,152,1,8,10198.76,1290.68,1
1136,59,0,4,5104.59,1303.96,0
1137,77,0,6,8879.81,1384.04,0
1138,123,0,8,10321.59,1309.34,1
1139,41,1,6,9472.53,1562.5,0
1140,99,3,3,4564.72,1608.11,1
1141,142,0,8,10292.45,1226.81,1
1142,26,0,4,7573.42,1881.32,0
1143,97,0,7,8963.63,1205.98,1
1144,100,2,2,2143.26,1014.66,1
1145,121,2,10,15222.2,1614.23,1
1146,41,0,6,7853.37,1254.78,0
1147,37,0,4,6768.76,1596.39,0
1148,111,0,5,3774.63,778.9,1
1149,102,0,6,10753.02,1917.74,1
1150,100,1,4,6129.67,1701.69,1
1151,104,0,5,5197.76,1049.86,1
1152,63,0,6,6151.16,1056.37,0
1153,99,1,3,6070.99,2001.68,1
1154,102,2,7,8393.03,1278.79,1
1155,61,0,7,9377.46,1249.74,0
1156,165,1,8,6243.55,820.18,1
1157,109,0,4,5273.83,1394.77,1
1158,42,2,7,9983.1,1431.68,1
1159,116,2,3,5142.77,1714.65,1
1160,51,0,4,4074.89,1080.28,0
1161,121,1,4,3985.11,1043.91,1
1162,136,2,1,1527.26,1635.29,1
1163,57,0,1,1880.75,1802.02,0
1164,129,0,1,1084.22,1028.65,1
1165,107,1,7,12674.93,1824.45,1
1166,123,0,5,7879.84,1511.26,1
1167,166,0,5,9568.88,1827.54,1
1168,80,2,8,10975.5,1478.93,1
1169,60,1,3,2437.87,743.32,0
1170,54,0,5,7738.96,1454.41,0
1171,57,0,3,5131.76,1818.04,0
1172,87,0,5,5772.79,1231.88,0
1173,104,0,1,1280.02,1383.61,1
1174,101,0,7,9397.47,1447.16,1
1175,123,1,2,1322.85,630.15,1
1176,91,0,4,7957.01,2001.4,1
1177,148,0,6,7795.01,1229.59,1
1178,79,0,7,12131.48,1651.72,0
1179,199,3,9,13543.47,1473.99,1
1180,115,0,4,7789.05,1877.29,1
1181,56,0,1,1465.59,1621.82,0
1182,47,0,4,5502.83,1429.52,0
1183,109,0,6,7595.45,1231.95,1
1184,81,0,3,4706.02,1739.36,0
1185,119,0,4,3401.44,937.97,1
1186,109,0,2,3625.95,1693.77,1
1187,87,0,6,7280.17,1170.29,0
1188,56,0,8,14301.37,1875.69,0
1189,29,0,7,11246.19,1548.39,0
1190,72,0,2,3584.56,1693.24,0
1191,124,0,6,8794.13,1524.6,1
1192,99,0,9,7954.95,974.29,1
1193,40,0,3,4047.79,1241.78,0
1194,97,1,8,13192.22,1701.72,1
1195,105,0,7,9996.07,1550.0,1
1196,55,0,6,11107.68,1854.3,0
1197,96,0,10,17080.16,1620.98,1
1198,92,3,5,5713.15,1209.99,1
1199,44,2,5,6015.19,1261.18,1
1200,104,0,5,7260.53,1530.88,1
1201,112,0,5,4425.14,805.79,1
1202,133,0,4,7523.47,2002.03,1
1203,132,0,10,16571.78,1632.52,1
1204,35,0,3,6080.99,1868.11,0
1205,52,1,2,1906.75,1025.82,0
1206,111,0,6,12298.72,1873.37,1
1207,111,2,4,9454.42,2169.45,1
1208,111,0,4,4754.53,1103.74,1
1209,244,2,8,13060.6,1731.42,1
1210,113,1,5,7702.78,1500.33,1
1211,135,0,4,4363.05,1036.67,1
1212,128,0,7,12656.37,1647.87,1
1213,116,0,4,6552.89,1750.08,1
1214,77,0,2,2779.75,1319.66,0
1215,120,0,2,3580.27,1849.77,1
1216,59,0,3,2805.29,999.97,0
1217,81,0,3,3105.1,1051.57,0
1218,71,2,8,13052.31,1540.98,1
1219,93,0,6,8982.13,1507.62,1
1220,183,3,1,1294.67,1285.03,1
1221,15,0,8,15323.85,1742.88,0
1222,117,1,5,8128.95,1659.27,1
1223,25,0,4,7192.01,1757.44,0
1224,71,0,5,7118.14,1463.06,0
1225,134,2,7,11513.11,1680.77,1
1226,93,0,6,8518.56,1366.3,1
1227,47,1,3,6904.43,2116.15,0
1228,61,0,4,5067.53,1256.24,0
1229,117,0,2,4492.03,2131.59,1
1230,61,0,4,5545.49,1510.47,0
1231,99,1,1,1024.54,1087.35,1
1232,92,0,9,17201.11,1910.42,1
1233,64,1,3,4170.44,1537.77,0
1234,176,2,1,1668.58,1755.34,1
1235,115,0,5,9368.29,1867.16,1
1236,9,0,4,5784.17,1601.39,0
1237,97,1,6,7560.36,1322.33,1
1238,64,0,5,8988.7,1792.71,0
1239,124,0,8,12177.43,1500.23,1
1240,58,0,5,9255.03,1705.76,0
1241,85,0,7,6150.91,853.88,0
1242,110,0,4,6424.9,1634.09,1
1243,125,0,1,1421.04,1308.42,1
1244,42,1,5,10548.57,1995.99,0
1245,77,0,4,6342.87,1686.93,0
1246,71,0,3,4367.7,1571.96,0
1247,64,3,2,3407.53,1645.89,1
1248,161,1,12,14578.17,1200.47,1
1249,106,2,5,10510.48,1986.98,1
1250,40,0,10,21975.84,2097.41,0
1251,127,1,6,9950.31,1617.87,1
1252,175,0,1,2169.45,1977.12,1
1253,131,0,6,8029.14,1329.26,1
1254,29,0,2,2326.61,1260.87,0
1255,71,0,4,6446.27,1512.28,0
1256,141,2,5,7747.8,1630.48,1
1257,62,0,8,11667.48,1381.8,0
1258,108,1,4,7252.84,1661.33,1
1259,121,1,2,3309.15,1591.92,1
1260,53,0,1,1223.57,1200.51,0
1261,88,0,8,13140.18,1655.64,0
1262,0,0,8,13690.86,1759.06,0
1263,49,0,4,6023.32,1551.44,0
1264,80,0,1,1896.13,1845.79,0
1265,40,3,9,10726.27,1134.78,1
1266,155,0,4,6795.83,1640.39,1
1267,33,0,2,2159.24,1148.92,0
1268,72,2,4,4657.51,1165.78,1
1269,95,0,3,4161.52,1310.72,1
1270,148,1,8,9691.72,1217.38,1
1271,33,0,9,12108.45,1335.6,0
1272,137,0,4,6054.43,1435.75,1
1273,90,0,4,7230.52,1751.15,0
1274,51,0,5,6891.0,1403.65,0
1275,108,0,11,12158.47,1024.31,1
1276,98,1,8,13741.67,1842.02,1
1277,66,0,6,8235.82,1248.87,0
1278,93,2,2,2738.76,1482.38,1
1279,75,0,8,11803.6,1633.96,0
1280,95,0,7,11770.9,1559.88,1
1281,116,0,6,10409.95,1828.25,1
1282,153,2,5,8596.06,1643.7,1
1283,40,0,3,3956.53,1241.61,0
1284,175,0,5,11540.95,2153.57,1
1285,12,2,3,5134.53,1558.3,1
1286,84,0,3,4187.5,1455.8,0
1287,114,2,7,13050.89,1789.18,1
1288,101,0,4,5814.81,1574.84,1
1289,65,1,4,6358.32,1619.77,0
1290,82,2,6,14424.51,2247.66,1
1291,70,1,6,8279.65,1417.46,0
1292,66,0,3,4290.79,1404.67,0
1293,124,0,4,6144.51,1534.97,1
1294,104,2,6,11247.71,1821.45,1
1295,62,0,6,6882.97,1048.04,0
1296,126,0,6,4976.67,910.33,1
1297,102,1,6,8060.72,1323.87,1
1298,123,0,3,3249.42,1009.82,1
1299,115,0,5,6837.2,1372.55,1
1300,57,0,2,3023.2,1650.75,0
1301,68,0,5,6238.53,1232.78,0
1302,120,0,3,3107.84,1071.95,1
1303,114,1,3,4247.54,1520.8,1
1304,89,0,5,9407.67,1758.76,0
1305,95,2,11,10953.73,991.51,1
1306,141,2,7,13281.63,1746.07,1
1307,66,1,7,12964.01,1745.19,0
1308,112,0,4,7420.67,1786.23,1
1309,82,1,1,1680.86,1865.54,0
1310,81,0,4,8517.64,2160.6,0
1311,134,0,5,6544.4,1393.17,1
1312,123,1,4,6635.24,1532.87,1
1313,123,0,4,5142.3,1375.07,1
1314,142,2,7,10054.68,1500.59,1
1315,91,0,6,11798.76,1959.86,1
1316,117,1,8,8356.85,1096.5,1
1317,78,0,4,4678.55,1241.69,0
1318,103,2,3,5853.21,1913.15,1
1319,85,0,1,1657.53,1806.01,0
1320,94,0,4,5072.55,1391.06,1
1321,114,0,1,1711.44,1756.32,1
1322,57,0,4,6692.31,1602.36,0
1323,174,0,3,5914.37,1950.08,1
1324,50,0,5,7494.34,1522.35,0
1325,41,0,6,10988.77,1807.69,0
1326,136,0,6,13385.44,2292.6,1
1327,122,0,4,7303.7,1679.43,1
1328,115,2,4,5519.82,1514.8,1
1329,115,1,5,8881.32,1716.73,1
1330,90,1,1,1499.23,1390.42,0
1331,54,1,9,21159.86,2216.39,0
1332,93,0,7,10190.73,1554.02,1
1333,63,0,5,6801.2,1418.12,0
1334,129,0,4,5214.08,1249.29,1
1335,84,2,5,8385.41,1829.17,1
1336,57,3,4,7479.78,1760.16,1
1337,77,0,1,1409.93,1350.79,0
1338,107,0,3,5249.29,1672.94,1
1339,67,0,7,6745.8,1047.43,0
1340,57,0,6,9739.41,1555.49,0
1341,100,0,10,16946.6,1635.83,1
1342,100,0,4,8581.51,2012.2,1
1343,70,2,5,5762.15,1268.75,1
1344,71,0,6,6060.01,1116.49,0
1345,99,2,6,7200.57,1231.37,1
1346,32,1,8,8174.65,1099.03,0
1347,34,1,4,7692.79,1901.0,0
1348,61,1,3,6385.72,1964.59,0
1349,81,1,3,4684.26,1596.06,0
1350,102,1,9,17956.37,1866.39,1
1351,149,1,7,9703.72,1540.19,1
1352,124,0,2,2747.83,1471.47,1
1353,84,3,2,2537.2,1400.09,1
1354,89,1,4,5434.1,1406.88,0
1355,50,1,6,6721.25,1035.66,0
1356,89,2,9,13067.77,1579.28,1
1357,78,0,11,16715.22,1487.9,0
1358,103,0,4,6827.56,1723.61,1
1359,57,0,7,11634.43,1528.06,0
1360,111,0,7,9391.41,1451.19,1
1361,151,2,3,3501.9,1238.64,1
1362,86,0,7,9649.33,1521.65,0
1363,106,0,5,8493.62,1721.47,1
1364,118,0,2,2211.18,1157.0,1
1365,74,0,9,14752.38,1526.24,0
1366,99,1,6,9617.16,1569.91,1
1367,91,2,3,3941.68,1284.58,1
1368,94,0,6,7992.53,1323.64,1
1369,59,0,3,4323.26,1569.18,0
1370,91,0,2,2294.43,1159.97,1
1371,110,0,8,14122.55,1604.98,1
1372,148,0,4,5255.8,1231.39,1
1373,128,3,5,9809.95,1818.86,1
1374,176,0,4,9374.63,2201.35,1
1375,59,0,3,3429.55,1241.77,0
1376,125,0,4,6279.03,1660.26,1
1377,97,1,3,3463.75,1281.98,1
1378,178,1,11,19151.78,1812.29,1
1379,58,1,6,6196.29,1120.42,0
1380,56,0,5,8176.17,1644.18,0
1381,66,2,5,6409.8,1238.1,1
1382,5,0,5,7728.0,1437.9,0
1383,69,0,3,3750.11,1190.69,0
1384,60,0,6,11399.56,1746.71,0
1385,96,0,4,4549.93,1248.91,1
1386,104,2,5,7515.44,1665.59,1
1387,165,2,3,4325.52,1396.77,1
1388,128,0,7,9827.39,1465.66,1
1389,67,2,3,4404.58,1544.33,1
1390,54,1,6,7370.68,1271.45,0
1391,110,2,7,10438.0,1563.11,1
1392,37,0,1,1963.58,1959.1,0
1393,163,0,6,7508.45,1266.57,1
1394,137,0,4,7424.57,1851.54,1
1395,71,2,2,4033.54,1949.43,1
1396,21,0,2,2453.63,1255.15,0
1397,144,0,5,5052.92,1063.48,1
1398,85,0,5,7422.01,1590.59,0
1399,140,0,3,3886.7,1335.78,1
1400,26,1,5,10801.16,2060.58,0
1401,66,2,11,17467.86,1510.44,1
1402,90,1,2,2602.76,1259.34,0
1403,92,2,6,6566.19,1155.85,1
1404,72,0,5,9295.78,1826.97,0
1405,115,0,3,4042.27,1328.64,1
1406,47,0,4,6033.55,1513.15,0
1407,84,0,10,18046.0,1786.74,0
1408,95,0,1,1352.5,1354.72,1
1409,111,1,8,12045.41,1486.22,1
1410,118,0,3,4678.4,1495.03,1
1411,45,1,5,7859.42,1705.0,0
1412,29,0,4,7043.82,1677.22,0
1413,141,0,11,14624.99,1433.97,1
1414,103,0,3,4162.27,1519.09,1
1415,60,0,4,6082.7,1388.47,0
1416,152,0,3,3459.91,1056.72,1
1417,95,0,3,4315.85,1577.28,1
1418,137,0,8,16353.55,2067.66,1
1419,93,0,1,1157.39,1234.88,1
1420,172,0,5,6321.87,1268.09,1
1421,160,1,7,9244.08,1238.78,1
1422,80,1,3,5616.46,1717.38,0
1423,129,0,7,11749.07,1634.55,1
1424,116,1,5,7050.01,1452.44,1
1425,145,1,7,8749.27,1224.59,1
1426,51,1,5,7351.34,1527.71,0
1427,117,0,7,7805.59,1030.61,1
1428,132,0,5,8286.69,1543.03,1
1429,20,1,4,7127.9,1761.46,0
1430,43,0,5,5426.16,1124.64,0
1431,8,2,11,10969.81,1040.24,1
1432,79,2,7,12527.48,1973.83,1
1433,119,0,6,8397.74,1316.47,1
1434,150,0,3,5467.54,1840.78,1
1435,93,0,1,1402.96,1453.8,1
1436,155,0,10,14430.24,1451.41,1
1437,35,0,5,8677.63,1631.52,0
1438,22,0,5,5710.47,1234.8,0
1439,88,0,3,4949.67,1539.75,0
1440,105,0,4,5982.81,1385.55,1
1441,89,3,2,2404.94,1103.85,1
1442,7,0,2,3136.82,1601.24,0
1443,86,2,7,9384.35,1421.01,1
1444,38,2,3,4248.52,1452.89,1
1445,117,0,1,1098.96,1136.95,1
1446,105,1,3,5548.03,1977.42,1
1447,52,0,7,12605.83,1763.01,0
1448,69,1,5,8904.42,1789.25,0
1449,48,0,5,7556.89,1408.37,0
1450,87,0,4,3557.71,981.25,0
1451,128,0,5,10729.49,2085.88,1
1452,51,0,5,7797.95,1481.67,0
1453,110,0,3,4024.64,1275.36,1
1454,69,0,3,5251.55,1625.04,0
1455,58,0,6,11609.33,1850.14,0
1456,86,0,6,9724.99,1493.08,0
1457,49,0,4,7282.12,1883.57,0
1458,68,0,9,16434.64,1824.9,0
1459,42,0,6,6376.17,1177.09,0
1460,169,0,5,5849.4,1297.86,1
1461,91,2,5,8471.84,1787.26,1
1462,62,0,4,2525.73,686.22,0
1463,99,1,10,13853.74,1455.16,1
1464,86,0,6,6009.53,1070.75,0
1465,81,2,2,2458.14,1357.03,1
1466,115,0,4,6103.21,1410.35,1
1467,120,0,3,3766.7,1392.53,1
1468,69,0,2,2794.64,1334.32,0
1469,67,0,5,5447.01,1170.86,0
1470,79,0,6,14207.56,2187.57,0
1471,0,0,5,11110.45,2060.24,0
1472,29,3,10,11868.2,1151.38,1
1473,145,0,5,10213.3,1974.64,1
1474,156,0,5,6218.09,1380.16,1
1475,80,1,4,6751.92,1538.76,0
1476,113,0,4,6371.74,1481.02,1
1477,102,2,3,4214.92,1302.08,1
1478,213,0,6,11114.0,1795.16,1
1479,135,1,4,5960.13,1537.77,1
1480,85,0,2,2927.74,1357.03,0
1481,52,2,9,9561.55,1108.62,1
1482,26,1,5,6236.86,1231.92,0
1483,98,0,9,8342.36,1007.59,1
1484,60,0,5,8152.83,1503.67,0
1485,33,0,5,5295.12,1141.0,0
1486,64,3,1,1342.18,1420.33,1
1487,47,0,5,9666.25,1911.03,0
1488,157,0,8,15664.17,1859.79,1
1489,125,0,6,9155.37,1490.32,1
1490,90,0,2,2789.82,1473.87,0
1491,149,0,5,9289.77,2063.96,1
1492,93,3,5,8707.05,1656.23,1
1493,56,0,4,6150.72,1401.66,0
1494,151,2,6,6831.88,1072.19,1
1495,112,0,5,8026.41,1618.16,1
1496,49,0,6,11340.13,1748.8,0
1497,82,0,5,6434.36,1310.5,0
1498,55,0,4,6381.1,1587.36,0
1499,35,3,7,9691.97,1390.93,1
1500,127,2,5,7148.28,1444.79,1
1501,166,0,7,5565.91,753.65,1
1502,34,0,6,8646.87,1433.47,0
1503,113,0,4,6900.66,1790.81,1
1504,64,2,8,9977.52,1310.58,1
1505,71,2,4,5502.51,1515.76,1
1506,66,1,3,3883.18,1273.21,0
1507,55,0,5,7606.39,1608.13,0
1508,92,0,10,13340.52,1435.04,1
1509,57,0,6,7534.26,1218.23,0
1510,101,0,4,7874.48,1899.77,1
1511,88,0,3,5605.14,1778.68,0
1512,80,0,3,3958.42,1318.53,0
1513,54,0,5,8896.63,1649.34,0
1514,67,2,2,3612.38,1661.22,1
1515,120,1,6,10780.48,1692.69,1
1516,110,0,2,2037.23,991.72,1
1517,51,0,5,8656.21,1801.98,0
1518,94,0,2,2914.93,1329.09,1
1519,120,1,6,7978.44,1392.65,1
1520,23,1,3,6465.29,2291.36,0
1521,112,1,5,7860.79,1590.56,1
1522,63,1,2,2522.85,1384.1,0
1523,113,0,6,5511.87,838.41,1
1524,59,0,6,11705.01,1916.93,0
1525,18,0,7,7762.5,1096.44,0
1526,25,0,6,7417.97,1198.97,0
1527,92,1,6,8398.54,1400.59,1
1528,100,0,4,6979.09,1924.92,1
1529,54,0,4,7083.5,1731.97,0
1530,116,0,7,10608.18,1452.65,1
1531,24,3,5,7829.87,1592.49,1
1532,87,0,5,6939.0,1319.88,0
1533,42,1,8,11661.7,1541.9,0
1534,64,0,4,5748.63,1522.0,0
1535,92,0,2,3338.75,1790.63,1
1536,56,0,3,5232.96,1790.15,0
1537,75,1,4,7050.31,1648.19,0
1538,130,0,6,8895.27,1391.3,1
1539,67,2,9,15139.64,1722.55,1
1540,123,0,3,4495.96,1472.41,1
1541,45,0,5,6136.7,1175.43,0
1542,111,2,3,3922.9,1379.01,1
1543,148,0,2,2848.24,1525.36,1
1544,0,0,4,7761.88,1773.06,0
1545,58,1,9,13310.21,1444.94,0
1546,113,0,4,4986.95,1137.24,1
1547,82,1,5,7338.97,1517.02,0
1548,105,0,8,12770.65,1534.04,1
1549,66,0,8,11755.5,1555.75,0
1550,93,0,5,8455.7,1775.96,1
1551,84,2,3,5429.93,1805.68,1
1552,137,0,9,11466.51,1321.74,1
1553,100,1,2,2455.47,1315.16,1
1554,104,2,8,9052.83,1187.94,1
1555,74,0,7,10856.3,1709.64,0
1556,70,0,6,12082.49,1934.65,0
1557,73,0,9,12629.38,1405.48,0
1558,106,0,3,3935.16,1427.57,1
1559,73,0,6,10875.87,1940.03,0
1560,102,1,7,10642.62,1651.67,1
1561,173,3,7,11673.16,1630.87,1
1562,125,2,5,5249.94,1142.73,1
1563,77,2,5,8951.3,1703.62,1
1564,138,2,1,1104.14,1221.26,1
1565,74,0,7,7711.59,1159.79,0
1566,8,1,4,6020.17,1395.97,0
1567,50,2,7,9674.97,1324.26,1
1568,15,0,5,6555.44,1433.52,0
1569,76,3,5,5681.42,1067.71,1
1570,91,0,3,5355.45,1787.64,1
1571,157,1,5,9829.04,1838.31,1
1572,103,1,5,4671.26,915.8,1
1573,81,3,4,7435.06,1793.54,1
1574,123,0,3,4142.67,1256.84,1
1575,2,1,3,4989.08,1757.09,0
1576,99,0,5,7580.72,1479.47,1
1577,121,0,10,14966.58,1508.63,1
1578,31,1,2,2622.84,1444.47,0
1579,136,0,5,8413.35,1863.64,1
1580,104,1,3,3126.63,1128.12,1
1581,73,0,4,6930.06,1682.35,0
1582,115,0,6,11129.92,1830.4,1
1583,181,1,3,5199.68,1714.9,1
1584,97,0,4,7966.68,2197.41,1
1585,100,0,4,5332.34,1341.32,1
1586,72,3,5,9694.83,1787.19,1
1587,56,0,8,11504.8,1468.17,0
1588,123,1,5,9583.71,1870.02,1
1589,56,0,6,9489.04,1497.69,0
1590,93,0,3,4386.63,1383.64,1
1591,71,0,4,7596.46,1891.82,0
1592,109,0,5,7246.79,1352.53,1
1593,103,0,6,6316.8,1076.18,1
1594,132,0,7,10146.53,1344.95,1
1595,70,0,5,7990.65,1685.71,0
1596,79,0,2,3666.64,1917.61,0
1597,51,0,6,8377.78,1533.34,0
1598,72,0,4,8030.05,1895.46,0
1599,105,0,2,2148.85,1092.55,1
1600,120,2,4,5171.84,1367.02,1
1601,53,1,2,2675.22,1413.43,0
1602,125,1,3,4749.87,1465.63,1
1603,144,0,4,6508.36,1525.23,1
1604,107,2,7,12078.84,1707.27,1
1605,165,1,5,6991.47,1366.56,1
1606,59,1,5,7668.97,1541.71,0
1607,40,0,7,10179.77,1486.46,0
1608,19,3,9,11914.12,1222.23,1
1609,150,2,7,9492.96,1465.9,1
1610,116,2,6,8598.82,1456.9,1
1611,88,0,6,8432.33,1450.48,0
1612,101,0,9,13580.75,1509.53,1
1613,45,0,2,3019.59,1522.7,0
1614,188,0,3,4126.46,1370.31,1
1615,95,2,9,15716.6,1881.81,1
1616,94,0,3,3456.54,1149.16,1
1617,119,0,8,9740.62,1283.71,1
1618,109,0,5,10933.18,2333.99,1
1619,99,0,4,4340.61,1188.6,1
1620,58,0,9,10361.98,1093.87,0
1621,109,1,2,3390.75,1720.34,1
1622,165,0,5,4495.35,876.86,1
1623,144,0,10,14944.85,1429.42,1
1624,154,0,5,11103.16,2143.75,1
1625,70,0,4,4121.62,1036.52,0
1626,50,0,7,6195.77,905.41,0
1627,85,1,3,3072.59,1050.25,0
1628,92,1,6,10914.44,1769.51,1
1629,134,1,3,5506.55,1837.43,1
1630,22,1,3,4320.67,1346.22,0
1631,151,0,4,7330.92,1704.96,1
1632,84,3,1,1790.77,1917.08,1
1633,73,2,2,3776.12,2036.2,1
1634,50,2,4,5853.17,1426.1,1
1635,24,0,5,3886.88,809.56,0
1636,123,2,8,9064.18,1253.74,1
1637,93,2,7,10350.2,1371.96,1
1638,38,2,7,9412.43,1422.32,1
1639,38,0,2,3135.17,1443.64,0
1640,77,1,6,11492.99,1835.67,0
1641,157,3,8,15849.68,1882.33,1
1642,80,1,6,8172.08,1448.5,0
1643,30,0,4,6929.16,1829.55,0
1644,80,2,4,6456.55,1607.3,1
1645,79,0,4,5678.84,1519.35,0
1646,0,0,1,1703.01,1771.96,0
1647,88,0,6,8804.07,1521.68,0
1648,81,2,8,15785.63,2117.34,1
1649,118,0,7,7038.35,1068.48,1
1650,164,0,7,9961.67,1345.45,1
1651,135,1,6,8188.35,1462.04,1
1652,79,1,6,8867.66,1631.84,0
1653,46,0,4,7716.15,1880.39,0
1654,193,2,3,4904.33,1492.68,1
1655,92,2,6,6222.58,1073.33,1
1656,91,0,3,4857.21,1752.75,1
1657,89,0,10,17507.95,1726.49,0
1658,98,0,5,4960.01,917.44,1
1659,84,0,6,9504.08,1498.86,0
1660,67,0,6,6288.15,1022.96,0
1661,68,2,4,5009.97,1300.6,1
1662,89,2,6,7436.73,1229.16,1
1663,68,0,5,8001.53,1742.78,0
1664,61,0,3,4769.96,1535.05,0
1665,94,0,2,2328.97,1114.32,1
1666,80,0,3,5784.26,1764.02,0
1667,150,0,2,2037.18,1069.86,1
1668,0,2,8,11560.24,1599.03,1
1669,134,2,7,8870.79,1255.8,1
1670,140,0,4,5791.2,1390.3,1
1671,7,2,3,5241.57,1651.28,1
1672,76,0,3,4664.91,1656.43,0
1673,75,1,6,10863.02,1901.09,0
1674,34,0,5,7395.18,1475.32,0
1675,59,0,1,1538.01,1591.94,0
1676,46,2,8,11738.92,1368.68,1
1677,160,0,9,13917.97,1554.6,1
1678,127,1,4,6918.49,1631.85,1
1679,141,0,7,10459.54,1470.51,1
1680,119,0,3,3033.72,958.87,1
1681,45,0,7,10821.4,1599.44,0
1682,69,0,5,8580.22,1609.37,0
1683,110,1,6,7425.13,1295.95,1
1684,41,0,8,8999.66,1114.68,0
1685,119,1,2,3663.27,1942.76,1
1686,80,1,4,6557.47,1647.43,0
1687,75,1,9,12413.08,1431.28,0
1688,118,0,4,4419.27,1158.89,1
1689,108,2,4,5482.12,1253.46,1
1690,76,0,3,5286.7,1890.78,0
1691,136,0,4,6519.48,1541.3,1
1692,47,0,4,5856.3,1334.82,0
1693,115,0,6,8965.19,1652.91,1
1694,114,0,7,9139.64,1255.68,1
1695,78,1,3,5561.62,1950.25,0
1696,103,0,6,10384.13,1905.84,1
1697,40,0,8,10668.92,1360.03,0
1698,127,1,7,9978.84,1311.4,1
1699,83,0,3,1934.36,714.56,0
1700,69,0,4,4296.33,1055.53,0
1701,132,0,6,6590.8,1098.16,1
1702,62,1,8,13244.83,1540.56,0
1703,34,0,3,3856.42,1402.13,0
1704,28,0,4,4544.82,1096.4,0
1705,114,0,3,4399.93,1415.65,1
1706,39,1,8,13659.6,1651.6,0
1707,160,1,1,1805.06,1658.35,1
1708,7,2,3,2970.6,930.1,1
1709,158,0,7,9293.46,1461.52,1
1710,98,0,5,5393.62,1085.0,1
1711,86,0,9,15609.46,1770.52,0
1712,68,0,5,8346.76,1735.24,0
1713,106,0,4,4874.45,1230.59,1
1714,88,0,5,6203.85,1270.19,0
1715,134,0,7,9402.35,1361.62,1
1716,95,1,3,2709.47,824.16,1
1717,96,0,6,8814.53,1600.79,1
1718,75,1,7,10765.35,1418.15,0
1719,88,0,4,7135.88,1791.05,0
1720,102,0,4,4797.79,1170.48,1
1721,22,0,4,5604.2,1314.26,0
1722,36,0,3,3056.38,1048.04,0
1723,120,0,4,4728.12,1198.71,1
1724,97,0,2,2249.36,1145.41,1
1725,83,2,7,12276.06,1798.79,1
1726,91,1,6,8402.1,1290.52,1
1727,104,0,7,11468.66,1537.25,1
1728,68,2,5,6387.01,1385.77,1
1729,59,1,4,4125.78,1119.16,0
1730,98,1,5,7143.0,1449.51,1
1731,51,2,4,6179.6,1679.73,1
1732,106,0,7,8153.37,1137.67,1
1733,22,0,5,8092.7,1742.73,0
1734,131,0,6,7503.91,1245.08,1
1735,109,0,5,6107.73,1355.1,1
1736,100,0,2,3196.68,1659.2,1
1737,129,0,4,5388.3,1300.97,1
1738,157,2,4,6025.78,1511.27,1
1739,131,2,6,9240.24,1405.59,1
1740,16,2,11,18193.39,1538.81,1
1741,39,2,6,4581.79,785.78,1
1742,65,2,8,6917.14,951.1,1
1743,91,0,5,9006.26,1684.79,1
1744,111,0,3,5880.33,1811.15,1
1745,61,0,5,6527.61,1226.85,0
1746,97,2,1,1320.62,1426.79,1
1747,60,0,8,13972.8,1588.42,0
1748,66,1,6,9753.02,1707.97,0
1749,34,0,4,3726.74,891.7,0
1750,53,0,7,9344.36,1234.19,0
1751,36,1,1,1326.21,1400.23,0
1752,51,0,7,12954.49,1710.94,0
1753,132,0,3,6491.44,2249.53,1
1754,52,0,9,14112.06,1431.6,0
1755,195,0,4,4123.01,1077.91,1
1756,110,1,2,3535.31,1620.68,1
1757,97,0,4,6907.91,1896.3,1
1758,56,0,6,9579.23,1532.4,0
1759,118,0,2,2471.79,1228.01,1
1760,67,2,1,1779.49,1787.4,1
1761,95,0,7,11235.7,1699.06,1
1762,192,1,7,8688.41,1192.18,1
1763,86,1,6,9087.58,1614.43,0
1764,136,0,8,14545.56,1799.18,1
1765,62,2,7,12341.32,1854.57,1
1766,89,1,5,8074.7,1480.07,0
1767,161,0,6,7567.78,1392.58,1
1768,65,0,6,10535.93,1868.18,0
1769,162,2,7,7548.48,1136.95,1
1770,118,1,6,9621.17,1631.57,1
1771,68,0,3,3092.34,1088.99,0
1772,115,0,3,5449.39,1819.61,1
1773,129,2,1,1528.56,1422.59,1
1774,115,1,5,9801.65,1880.57,1
1775,27,1,3,5021.3,1647.42,0
1776,61,0,9,9359.06,1133.03,0
1777,80,1,8,16017.36,1927.39,0
1778,87,0,4,7336.98,1965.37,0
1779,115,0,2,3731.52,1764.69,1
1780,97,1,3,3623.88,1271.52,1
1781,37,3,2,2769.68,1408.2,1
1782,105,0,4,5989.87,1543.63,1
1783,114,0,4,5525.54,1288.89,1
1784,112,1,5,9288.71,2007.7,1
1785,133,0,8,12508.5,1543.3,1
1786,123,2,6,3838.06,689.0,1
1787,108,1,3,5002.26,1601.81,1
1788,87,0,5,7543.06,1395.55,0
1789,24,3,6,8749.18,1477.52,1
1790,107,1,3,4158.3,1389.41,1
1791,98,2,8,15128.27,1742.11,1
1792,101,1,8,14748.94,1835.91,1
1793,39,2,5,7904.94,1584.92,1
1794,47,0,4,5680.46,1398.21,0
1795,132,0,2,3087.8,1487.6,1
1796,88,2,6,8324.9,1505.88,1
1797,117,0,5,6700.71,1259.27,1
1798,91,0,6,9912.55,1673.68,1
1799,91,1,7,10485.37,1638.01,1
1800,128,2,3,6223.31,1962.13,1
1801,69,0,9,16473.75,1876.6,0
1802,94,2,2,2381.7,1294.3,1
1803,72,1,1,1792.81,1746.09,0
1804,73,0,6,7842.36,1214.71,0
1805,78,2,4,7365.19,1708.78,1
1806,99,0,6,8808.8,1345.02,1
1807,71,0,4,5123.02,1193.02,0
1808,140,0,5,7131.44,1584.01,1
1809,54,0,2,1361.84,697.63,0
1810,83,0,5,5184.04,974.71,0
1811,72,2,4,5632.2,1446.75,1
1812,148,1,3,4667.09,1524.73,1
1813,98,0,5,7093.7,1389.2,1
1814,131,1,3,2995.41,1026.17,1
1815,31,0,3,4068.37,1254.63,0
1816,101,0,4,6473.62,1617.36,1
1817,126,2,8,13301.89,1674.53,1
1818,93,0,5,8219.5,1495.13,1
1819,133,0,4,7378.6,1847.05,1
1820,69,1,4,6060.28,1619.22,0
1821,146,0,4,5116.38,1275.76,1
1822,182,2,4,6019.08,1415.85,1
1823,75,0,7,7972.26,1079.14,0
1824,72,0,8,12418.1,1467.56,0
1825,148,0,7,13369.42,1833.63,1
1826,153,0,3,4865.25,1705.59,1
1827,69,0,6,12358.1,1920.6,0
1828,73,0,6,9120.08,1409.13,0
1829,79,2,4,7149.49,1903.83,1
1830,36,2,6,8012.6,1442.01,1
1831,53,0,9,19135.4,1941.48,0
1832,50,0,6,9620.72,1493.44,0
1833,59,0,4,7387.31,1712.17,0
1834,89,2,6,12555.84,1942.53,1
1835,99,3,7,10177.95,1441.97,1
1836,152,0,4,6445.44,1565.52,1
1837,50,1,3,5711.33,1886.66,0
1838,129,0,4,5316.17,1460.1,1
1839,81,0,5,5789.62,1103.73,0
1840,88,0,3,6435.56,2142.9,0
1841,117,0,5,6996.1,1359.07,1
1842,45,0,3,4645.34,1547.63,0
1843,105,0,5,9218.88,1846.8,1
1844,97,1,5,6154.85,1317.45,1
1845,110,0,5,5723.18,1197.64,1
1846,102,0,6,8811.49,1576.12,1
1847,188,0,6,5421.13,962.08,1
1848,64,0,6,9284.12,1413.63,0
1849,69,0,5,7321.72,1573.51,0
1850,65,0,7,9474.7,1419.01,0
1851,68,0,3,3167.24,1036.96,0
1852,65,0,5,10109.21,1978.25,0
1853,138,0,7,9975.72,1531.06,1
1854,147,0,2,4085.37,1929.35,1
1855,67,1,8,12024.81,1421.99,0
1856,57,1,4,4684.26,1236.0,0
1857,109,0,2,3027.87,1580.75,1
1858,68,0,5,7804.93,1435.26,0
1859,115,0,5,6106.79,1146.67,1
1860,98,0,4,8070.89,1940.94,1
1861,29,0,6,7221.53,1313.32,0
1862,152,0,8,7459.39,947.92,1
1863,162,0,4,7683.87,1898.45,1
1864,65,2,3,3793.18,1348.71,1
1865,74,0,6,7824.04,1317.65,0
1866,101,0,4,3959.95,970.38,1
1867,103,0,2,3904.92,2022.28,1
1868,116,2,3,3527.12,1113.16,1
1869,170,1,1,1620.86,1517.53,1
1870,83,0,9,15400.93,1773.79,0
1871,58,2,5,8683.43,1626.52,1
1872,35,0,3,4093.78,1482.1,0
1873,61,2,4,4225.35,989.5,1
1874,89,2,3,3509.33,1257.08,1
1875,162,0,4,5706.07,1556.34,1
1876,69,1,6,7798.12,1263.85,0
1877,99,0,4,6209.0,1561.01,1
1878,89,0,2,3687.14,1704.52,0
1879,138,0,6,10438.84,1788.75,1
1880,191,1,3,3251.86,1132.15,1
1881,69,0,6,12955.84,2158.99,0
1882,70,0,2,3429.99,1730.24,0
1883,132,1,8,11622.67,1499.49,1
1884,117,0,3,5692.94,1826.86,1
1885,164,0,6,13945.96,2209.62,1
1886,113,0,4,4575.22,1068.38,1
1887,76,0,5,7839.43,1432.42,0
1888,114,0,6,4498.6,786.47,1
1889,134,0,1,1625.13,1557.8,1
1890,123,3,5,7877.9,1609.62,1
1891,110,1,7,10786.71,1488.25,1
1892,133,0,6,7784.27,1303.64,1
1893,137,0,6,5835.38,885.15,1
1894,145,0,7,11801.03,1612.06,1
1895,116,1,4,8447.57,1936.63,1
1896,83,0,3,4233.91,1322.69,0
1897,96,0,8,14108.23,1632.02,1
1898,138,2,4,4377.21,1029.56,1
1899,57,0,5,8118.94,1637.16,0
1900,105,0,5,6566.92,1381.99,1
1901,74,2,3,3714.9,1271.27,1
1902,91,1,9,10348.64,1271.89,1
1903,141,0,8,11108.41,1381.92,1
1904,98,1,6,9698.18,1614.73,1
1905,92,0,3,3335.81,1106.35,1
1906,36,1,5,7558.93,1380.87,0
1907,120,0,5,8049.86,1487.56,1
1908,116,2,5,5455.56,1170.29,1
1909,177,3,3,5956.59,2039.0,1
1910,78,2,7,8575.22,1243.95,1
1911,99,2,3,3788.8,1299.17,1
1912,100,0,1,1278.54,1206.51,1
1913,153,0,6,12296.07,2039.54,1
1914,86,0,6,10139.35,1665.87,0
1915,101,1,4,5220.34,1219.02,1
1916,114,2,5,9719.77,1831.87,1
1917,97,0,9,13009.0,1560.21,1
1918,72,2,5,8223.28,1577.18,1
1919,98,2,4,5514.5,1396.66,1
1920,133,3,3,3668.42,1275.18,1
1921,49,2,6,8743.3,1601.33,1
1922,95,0,2,2666.12,1336.47,1
1923,62,0,6,11915.42,2045.03,0
1924,138,0,6,6381.53,1119.21,1
1925,29,0,6,12223.17,1960.85,0
1926,68,1,5,7728.23,1466.6,0
1927,105,2,3,4525.76,1589.73,1
1928,153,2,4,6369.04,1749.95,1
1929,87,1,4,5609.47,1310.93,0
1930,68,0,5,7934.24,1759.27,0
1931,165,0,4,2991.46,687.74,1
1932,32,0,4,5267.09,1284.0,0
1933,2,0,5,5896.06,1222.78,0
1934,108,0,5,5334.8,1123.95,1
1935,70,0,5,6472.72,1435.51,0
1936,49,0,7,10711.67,1615.72,0
1937,118,0,3,4760.54,1710.8,1
1938,100,1,2,3215.06,1572.26,1
1939,67,0,4,4854.29,1300.29,0
1940,39,0,4,6479.69,1610.7,0
1941,125,0,6,9389.98,1537.29,1
1942,116,3,3,5126.67,1780.82,1
1943,86,0,5,7859.63,1733.08,0
1944,164,0,5,6847.35,1509.14,1
1945,47,1,5,5571.12,1230.82,0
1946,29,0,5,6832.39,1304.11,0
1947,62,2,3,3859.4,1335.06,1
1948,88,0,10,14887.05,1405.42,0
1949,100,0,5,7794.21,1580.42,1
1950,80,0,4,6793.73,1714.55,0
1951,104,1,4,5953.94,1484.66,1
1952,40,0,7,10982.69,1504.84,0
1953,148,0,3,4419.28,1542.99,1
1954,87,0,6,7460.52,1345.23,0
1955,135,0,2,2472.17,1222.38,1
1956,104,0,4,3758.75,973.37,1
1957,108,1,4,5106.42,1291.46,1
1958,113,1,4,6760.78,1641.94,1
1959,108,0,8,10300.92,1289.13,1
1960,116,0,5,7315.14,1428.66,1
1961,143,1,8,13235.42,1639.93,1
1962,98,0,5,8678.2,1656.21,1
1963,118,0,7,8572.07,1176.14,1
1964,86,0,8,14491.38,1799.12,0
1965,148,1,3,5711.95,1838.21,1
1966,63,2,4,4991.18,1161.05,1
1967,162,1,6,7415.28,1252.85,1
1968,88,0,4,7299.7,1857.33,0
1969,33,0,4,6131.54,1455.94,0
1970,95,2,6,5087.05,834.07,1
1971,63,0,2,1974.86,1080.1,0
1972,124,3,4,6147.83,1425.19,1
1973,64,2,2,2086.14,1151.09,1
1974,72,0,8,11554.62,1375.97,0
1975,14,2,7,11115.03,1509.72,1
1976,72,0,2,4228.73,1938.68,0
1977,0,2,5,6434.35,1412.86,1
1978,27,0,6,11142.3,1821.76,0
1979,120,0,7,13305.57,1928.63,1
1980,121,1,7,13054.33,1930.29,1
1981,107,1,7,10188.68,1585.43,1
1982,51,0,6,5534.55,911.01,0
1983,88,0,5,8156.91,1638.25,0
1984,90,0,5,8355.06,1814.52,0
1985,44,0,8,12071.04,1475.68,0
1986,150,0,7,14837.72,2023.38,1
1987,125,0,4,7407.69,1757.95,1
1988,81,0,5,9029.57,1670.48,0
1989,91,0,8,14342.8,1825.91,1
1990,98,0,5,8724.97,1600.01,1
1991,8,0,2,1614.26,752.16,0
1992,80,0,3,3885.91,1350.26,0
1993,63,3,7,12127.23,1859.15,1
1994,50,0,3,3724.4,1257.72,0
1995,79,2,8,11238.76,1432.96,1
1996,162,1,1,1204.52,1186.55,1
1997,116,1,5,10345.61,2035.18,1
1998,67,1,3,6314.0,2004.45,0
1999,113,2,5,6186.41,1234.84,1
